id;nombres;appelidos;documento_tipo;documento_numero
1;Georgia Industrial;connect Markets Chief;capacitor archive;sky blue Tasty Plastic Pizza
2;compress South Georgia and the South Sandwich Islands;compelling mission-critical;bifurcated scalable;Small
3;deliverables reinvent 24 hour;overriding;monitor 1080p Checking Account;world-class Frozen IB
4;Highway Ergonomic;moratorium moratorium;New York tangible Mississippi;Frozen bus
5;hard drive Robust Networked;Poland;Small partnerships;Outdoors
6;Harbor Montana;Corporate Phased relationships;white Brand Money Market Account;Salad Web virtual
7;Refined Squares;maroon;EXE projection Fresh;support Gorgeous
8;withdrawal;copying;ability Hat Iraq;magenta Concrete
9;User-centric Gloves;Mauritania;facilitate Tasty Concrete Chips Exclusive;Buckinghamshire capability zero tolerance
10;mission-critical;Berkshire Small Plastic Pants Investor;Canadian Dollar;Berkshire Designer
